ts_iso,endpoint,http_code,lat_ms,ok
2026-01-21T07:41:44+00:00,/ping,200,7,1
2026-01-21T07:41:44+00:00,/secure-data,200,14,1
2026-01-21T07:41:45+00:00,/ping,200,7,1
2026-01-21T07:41:45+00:00,/secure-data,200,13,1
2026-01-21T07:41:46+00:00,/ping,200,7,1
2026-01-21T07:41:46+00:00,/secure-data,200,13,1
2026-01-21T07:41:47+00:00,/ping,200,7,1
2026-01-21T07:41:47+00:00,/secure-data,200,13,1
2026-01-21T07:41:48+00:00,/ping,200,8,1
2026-01-21T07:41:48+00:00,/secure-data,200,12,1
2026-01-21T07:41:49+00:00,/ping,200,13,1
2026-01-21T07:41:49+00:00,/secure-data,200,14,1
2026-01-21T07:41:50+00:00,/ping,200,7,1
2026-01-21T07:41:50+00:00,/secure-data,200,14,1
2026-01-21T07:41:51+00:00,/ping,200,7,1
2026-01-21T07:41:51+00:00,/secure-data,200,13,1
2026-01-21T07:41:52+00:00,/ping,200,6,1
2026-01-21T07:41:52+00:00,/secure-data,200,26,1
2026-01-21T07:41:53+00:00,/ping,200,34,1
2026-01-21T07:41:53+00:00,/secure-data,200,14,1
2026-01-21T07:41:54+00:00,/ping,200,8,1
2026-01-21T07:41:54+00:00,/secure-data,200,14,1
2026-01-21T07:41:55+00:00,/ping,200,8,1
2026-01-21T07:41:55+00:00,/secure-data,200,29,1
2026-01-21T07:41:56+00:00,/ping,200,11,1
2026-01-21T07:41:56+00:00,/secure-data,200,13,1
2026-01-21T07:41:57+00:00,/ping,200,43,1
2026-01-21T07:41:57+00:00,/secure-data,200,15,1
2026-01-21T07:41:58+00:00,/ping,200,16,1
2026-01-21T07:41:58+00:00,/secure-data,200,35,1
2026-01-21T07:42:01+00:00,/ping,200,8,1
2026-01-21T07:42:01+00:00,/secure-data,200,81,1
2026-01-21T07:42:02+00:00,/ping,200,6,1
2026-01-21T07:42:02+00:00,/secure-data,200,13,1
2026-01-21T07:42:03+00:00,/ping,200,8,1
2026-01-21T07:42:03+00:00,/secure-data,200,13,1
2026-01-21T07:42:04+00:00,/ping,200,7,1
2026-01-21T07:42:04+00:00,/secure-data,200,14,1
2026-01-21T07:42:05+00:00,/ping,200,7,1
2026-01-21T07:42:05+00:00,/secure-data,200,23,1
2026-01-21T07:42:06+00:00,/ping,200,10,1
2026-01-21T07:42:06+00:00,/secure-data,200,21,1
2026-01-21T07:42:07+00:00,/ping,200,34,1
2026-01-21T07:42:07+00:00,/secure-data,200,35,1
2026-01-21T07:42:08+00:00,/ping,200,20,1
2026-01-21T07:42:08+00:00,/secure-data,200,43,1
2026-01-21T07:42:09+00:00,/ping,200,16,1
2026-01-21T07:42:10+00:00,/secure-data,200,417,1
2026-01-21T07:42:11+00:00,/ping,200,254,1
2026-01-21T07:42:11+00:00,/secure-data,200,14,1
2026-01-21T07:42:12+00:00,/ping,200,8,1
2026-01-21T07:42:12+00:00,/secure-data,200,209,1
2026-01-21T07:42:13+00:00,/ping,200,33,1
2026-01-21T07:42:13+00:00,/secure-data,200,105,1
2026-01-21T07:42:15+00:00,/ping,200,124,1
2026-01-21T07:42:15+00:00,/secure-data,200,14,1
2026-01-21T07:42:16+00:00,/ping,200,8,1
2026-01-21T07:42:16+00:00,/secure-data,200,68,1
2026-01-21T07:42:17+00:00,/ping,200,8,1
2026-01-21T07:42:17+00:00,/secure-data,200,590,1
2026-01-21T07:42:18+00:00,/ping,200,7,1
2026-01-21T07:42:18+00:00,/secure-data,200,40,1
2026-01-21T07:42:19+00:00,/ping,200,146,1
2026-01-21T07:42:20+00:00,/secure-data,200,376,1
2026-01-21T07:42:21+00:00,/ping,200,30,1
2026-01-21T07:42:21+00:00,/secure-data,200,13,1
2026-01-21T07:42:22+00:00,/ping,200,8,1
2026-01-21T07:42:22+00:00,/secure-data,200,41,1
2026-01-21T07:42:23+00:00,/ping,200,369,1
2026-01-21T07:42:24+00:00,/secure-data,200,309,1
2026-01-21T07:42:25+00:00,/ping,200,437,1
2026-01-21T07:42:25+00:00,/secure-data,200,350,1
2026-01-21T07:42:27+00:00,/ping,200,281,1
2026-01-21T07:42:28+00:00,/secure-data,200,1084,1
2026-01-21T07:42:29+00:00,/ping,200,691,1
2026-01-21T07:42:30+00:00,/secure-data,200,521,1
2026-01-21T07:42:33+00:00,/ping,200,86,1
2026-01-21T07:42:33+00:00,/secure-data,200,13,1
2026-01-21T07:42:34+00:00,/ping,200,26,1
2026-01-21T07:42:34+00:00,/secure-data,200,613,1
2026-01-21T07:42:35+00:00,/ping,200,212,1
2026-01-21T07:42:35+00:00,/secure-data,200,49,1
2026-01-21T07:42:37+00:00,/ping,200,207,1
2026-01-21T07:42:37+00:00,/secure-data,200,17,1
2026-01-21T07:42:38+00:00,/ping,200,9,1
2026-01-21T07:42:38+00:00,/secure-data,200,14,1
2026-01-21T07:42:39+00:00,/ping,200,51,1
2026-01-21T07:42:39+00:00,/secure-data,200,296,1
2026-01-21T07:42:41+00:00,/ping,200,612,1
2026-01-21T07:42:41+00:00,/secure-data,200,447,1
2026-01-21T07:42:43+00:00,/ping,200,457,1
2026-01-21T07:42:43+00:00,/secure-data,200,685,1
2026-01-21T07:42:45+00:00,/ping,200,203,1
2026-01-21T07:42:45+00:00,/secure-data,200,64,1
2026-01-21T07:42:46+00:00,/ping,200,256,1
2026-01-21T07:42:47+00:00,/secure-data,200,882,1
2026-01-21T07:42:48+00:00,/ping,200,238,1
2026-01-21T07:42:48+00:00,/secure-data,200,20,1
2026-01-21T07:42:49+00:00,/ping,200,221,1
2026-01-21T07:42:49+00:00,/secure-data,200,17,1
2026-01-21T07:42:50+00:00,/ping,200,148,1
2026-01-21T07:42:50+00:00,/secure-data,200,63,1
2026-01-21T07:42:52+00:00,/ping,200,43,1
2026-01-21T07:42:52+00:00,/secure-data,200,19,1
2026-01-21T07:42:53+00:00,/ping,200,9,1
2026-01-21T07:42:53+00:00,/secure-data,200,36,1
2026-01-21T07:42:54+00:00,/ping,200,107,1
2026-01-21T07:42:54+00:00,/secure-data,200,17,1
2026-01-21T07:42:55+00:00,/ping,200,85,1
2026-01-21T07:42:55+00:00,/secure-data,200,32,1
2026-01-21T07:42:56+00:00,/ping,200,24,1
2026-01-21T07:42:56+00:00,/secure-data,200,31,1
2026-01-21T07:42:57+00:00,/ping,200,74,1
2026-01-21T07:42:57+00:00,/secure-data,200,132,1
2026-01-21T07:42:58+00:00,/ping,200,38,1
2026-01-21T07:42:58+00:00,/secure-data,200,13,1
2026-01-21T07:42:59+00:00,/ping,200,19,1
2026-01-21T07:42:59+00:00,/secure-data,200,35,1
2026-01-21T07:43:00+00:00,/ping,200,10,1
2026-01-21T07:43:00+00:00,/secure-data,200,14,1
2026-01-21T07:43:02+00:00,/ping,200,9,1
2026-01-21T07:43:02+00:00,/secure-data,200,15,1
2026-01-21T07:43:04+00:00,/ping,200,8,1
2026-01-21T07:43:04+00:00,/secure-data,200,13,1
2026-01-21T07:43:05+00:00,/ping,200,9,1
2026-01-21T07:43:05+00:00,/secure-data,200,14,1
2026-01-21T07:43:06+00:00,/ping,200,7,1
2026-01-21T07:43:06+00:00,/secure-data,200,14,1
2026-01-21T07:43:07+00:00,/ping,200,7,1
2026-01-21T07:43:07+00:00,/secure-data,200,12,1
2026-01-21T07:43:08+00:00,/ping,200,7,1
2026-01-21T07:43:08+00:00,/secure-data,200,13,1
2026-01-21T07:43:09+00:00,/ping,200,7,1
2026-01-21T07:43:09+00:00,/secure-data,200,13,1
2026-01-21T07:43:10+00:00,/ping,200,8,1
2026-01-21T07:43:10+00:00,/secure-data,200,13,1
2026-01-21T07:43:11+00:00,/ping,200,8,1
2026-01-21T07:43:11+00:00,/secure-data,200,14,1
2026-01-21T07:43:12+00:00,/ping,200,7,1
2026-01-21T07:43:12+00:00,/secure-data,200,15,1
2026-01-21T07:43:13+00:00,/ping,200,7,1
2026-01-21T07:43:13+00:00,/secure-data,200,13,1
2026-01-21T07:43:14+00:00,/ping,200,7,1
2026-01-21T07:43:15+00:00,/secure-data,200,14,1
2026-01-21T07:43:16+00:00,/ping,200,7,1
2026-01-21T07:43:16+00:00,/secure-data,200,18,1
2026-01-21T07:43:17+00:00,/ping,200,7,1
2026-01-21T07:43:17+00:00,/secure-data,200,13,1
2026-01-21T07:43:18+00:00,/ping,200,7,1
2026-01-21T07:43:18+00:00,/secure-data,200,13,1
2026-01-21T07:43:19+00:00,/ping,200,7,1
2026-01-21T07:43:19+00:00,/secure-data,200,12,1
2026-01-21T07:43:20+00:00,/ping,200,7,1
2026-01-21T07:43:20+00:00,/secure-data,200,13,1
2026-01-21T07:43:21+00:00,/ping,200,7,1
2026-01-21T07:43:21+00:00,/secure-data,200,12,1
2026-01-21T07:43:22+00:00,/ping,200,7,1
2026-01-21T07:43:22+00:00,/secure-data,200,12,1
2026-01-21T07:43:23+00:00,/ping,200,7,1
2026-01-21T07:43:23+00:00,/secure-data,200,13,1
2026-01-21T07:43:24+00:00,/ping,200,7,1
2026-01-21T07:43:24+00:00,/secure-data,200,13,1
2026-01-21T07:43:25+00:00,/ping,200,7,1
2026-01-21T07:43:25+00:00,/secure-data,200,13,1
2026-01-21T07:43:26+00:00,/ping,200,7,1
2026-01-21T07:43:26+00:00,/secure-data,200,12,1
2026-01-21T07:43:27+00:00,/ping,200,7,1
2026-01-21T07:43:27+00:00,/secure-data,200,14,1
2026-01-21T07:43:28+00:00,/ping,200,7,1
2026-01-21T07:43:28+00:00,/secure-data,200,13,1
2026-01-21T07:43:29+00:00,/ping,200,8,1
2026-01-21T07:43:29+00:00,/secure-data,200,12,1
2026-01-21T07:43:30+00:00,/ping,200,7,1
2026-01-21T07:43:30+00:00,/secure-data,200,13,1
2026-01-21T07:43:31+00:00,/ping,200,7,1
2026-01-21T07:43:31+00:00,/secure-data,200,13,1
2026-01-21T07:43:32+00:00,/ping,200,6,1
2026-01-21T07:43:32+00:00,/secure-data,200,13,1
2026-01-21T07:43:35+00:00,/ping,200,7,1
2026-01-21T07:43:35+00:00,/secure-data,503,8,0
2026-01-21T07:43:36+00:00,/ping,200,7,1
2026-01-21T07:43:36+00:00,/secure-data,503,9,0
2026-01-21T07:43:37+00:00,/ping,200,7,1
2026-01-21T07:43:37+00:00,/secure-data,503,11,0
2026-01-21T07:43:38+00:00,/ping,200,8,1
2026-01-21T07:43:38+00:00,/secure-data,503,9,0
2026-01-21T07:43:39+00:00,/ping,200,7,1
2026-01-21T07:43:39+00:00,/secure-data,503,9,0
2026-01-21T07:43:40+00:00,/ping,200,7,1
2026-01-21T07:43:40+00:00,/secure-data,503,10,0
2026-01-21T07:43:41+00:00,/ping,200,8,1
2026-01-21T07:43:41+00:00,/secure-data,503,10,0
2026-01-21T07:43:42+00:00,/ping,200,7,1
2026-01-21T07:43:42+00:00,/secure-data,503,9,0
2026-01-21T07:43:43+00:00,/ping,200,7,1
2026-01-21T07:43:43+00:00,/secure-data,503,9,0
2026-01-21T07:43:44+00:00,/ping,200,7,1
2026-01-21T07:43:44+00:00,/secure-data,503,9,0
2026-01-21T07:43:45+00:00,/ping,200,8,1
2026-01-21T07:43:45+00:00,/secure-data,503,9,0
2026-01-21T07:43:46+00:00,/ping,200,7,1
2026-01-21T07:43:46+00:00,/secure-data,503,10,0
2026-01-21T07:43:47+00:00,/ping,200,7,1
2026-01-21T07:43:47+00:00,/secure-data,503,10,0
2026-01-21T07:43:48+00:00,/ping,200,8,1
2026-01-21T07:43:48+00:00,/secure-data,503,11,0
2026-01-21T07:43:49+00:00,/ping,200,7,1
2026-01-21T07:43:49+00:00,/secure-data,503,9,0
2026-01-21T07:43:50+00:00,/ping,200,8,1
2026-01-21T07:43:50+00:00,/secure-data,503,10,0
2026-01-21T07:43:51+00:00,/ping,200,7,1
2026-01-21T07:43:51+00:00,/secure-data,503,9,0
2026-01-21T07:43:52+00:00,/ping,200,7,1
2026-01-21T07:43:52+00:00,/secure-data,503,9,0
2026-01-21T07:43:53+00:00,/ping,200,8,1
2026-01-21T07:43:53+00:00,/secure-data,503,8,0
2026-01-21T07:43:55+00:00,/ping,200,8,1
2026-01-21T07:43:55+00:00,/secure-data,200,14,1
2026-01-21T07:43:56+00:00,/ping,200,7,1
2026-01-21T07:43:56+00:00,/secure-data,200,13,1
2026-01-21T07:43:57+00:00,/ping,200,7,1
2026-01-21T07:43:57+00:00,/secure-data,200,13,1
2026-01-21T07:43:58+00:00,/ping,200,7,1
2026-01-21T07:43:58+00:00,/secure-data,200,12,1
2026-01-21T07:43:59+00:00,/ping,200,7,1
2026-01-21T07:43:59+00:00,/secure-data,200,13,1
2026-01-21T07:44:00+00:00,/ping,200,7,1
2026-01-21T07:44:00+00:00,/secure-data,200,12,1
2026-01-21T07:44:01+00:00,/ping,200,7,1
2026-01-21T07:44:01+00:00,/secure-data,200,13,1
2026-01-21T07:44:02+00:00,/ping,200,7,1
2026-01-21T07:44:02+00:00,/secure-data,200,13,1
2026-01-21T07:44:03+00:00,/ping,200,7,1
2026-01-21T07:44:03+00:00,/secure-data,200,13,1
2026-01-21T07:44:04+00:00,/ping,200,7,1
2026-01-21T07:44:04+00:00,/secure-data,200,12,1
2026-01-21T07:44:06+00:00,/ping,200,7,1
2026-01-21T07:44:06+00:00,/secure-data,200,13,1
2026-01-21T07:44:07+00:00,/ping,200,7,1
2026-01-21T07:44:07+00:00,/secure-data,200,13,1
2026-01-21T07:44:08+00:00,/ping,200,7,1
2026-01-21T07:44:08+00:00,/secure-data,200,13,1
2026-01-21T07:44:09+00:00,/ping,200,8,1
2026-01-21T07:44:09+00:00,/secure-data,200,14,1
2026-01-21T07:44:10+00:00,/ping,200,8,1
2026-01-21T07:44:11+00:00,/secure-data,200,19,1
2026-01-21T07:44:12+00:00,/ping,200,9,1
2026-01-21T07:44:12+00:00,/secure-data,200,14,1
2026-01-21T07:44:13+00:00,/ping,200,7,1
2026-01-21T07:44:13+00:00,/secure-data,200,12,1
2026-01-21T07:44:14+00:00,/ping,200,7,1
2026-01-21T07:44:14+00:00,/secure-data,200,12,1
2026-01-21T07:44:15+00:00,/ping,200,6,1
2026-01-21T07:44:15+00:00,/secure-data,200,10,1
2026-01-21T07:44:16+00:00,/ping,200,6,1
2026-01-21T07:44:16+00:00,/secure-data,200,11,1
2026-01-21T07:44:17+00:00,/ping,200,6,1
2026-01-21T07:44:17+00:00,/secure-data,200,11,1
2026-01-21T07:44:18+00:00,/ping,200,6,1
2026-01-21T07:44:18+00:00,/secure-data,200,11,1
2026-01-21T07:44:19+00:00,/ping,200,6,1
2026-01-21T07:44:19+00:00,/secure-data,200,11,1
2026-01-21T07:44:20+00:00,/ping,200,7,1
2026-01-21T07:44:20+00:00,/secure-data,200,11,1
2026-01-21T07:44:21+00:00,/ping,200,6,1
2026-01-21T07:44:21+00:00,/secure-data,200,11,1
2026-01-21T07:44:22+00:00,/ping,200,6,1
2026-01-21T07:44:22+00:00,/secure-data,200,11,1
2026-01-21T07:44:23+00:00,/ping,200,6,1
2026-01-21T07:44:23+00:00,/secure-data,200,11,1
2026-01-21T07:44:24+00:00,/ping,200,6,1
2026-01-21T07:44:24+00:00,/secure-data,200,11,1
2026-01-21T07:44:25+00:00,/ping,200,6,1
2026-01-21T07:44:25+00:00,/secure-data,200,11,1
2026-01-21T07:44:26+00:00,/ping,200,6,1
2026-01-21T07:44:26+00:00,/secure-data,200,11,1
2026-01-21T07:44:27+00:00,/ping,200,6,1
2026-01-21T07:44:27+00:00,/secure-data,200,11,1
2026-01-21T07:44:28+00:00,/ping,200,6,1
2026-01-21T07:44:28+00:00,/secure-data,200,11,1
2026-01-21T07:44:29+00:00,/ping,200,6,1
2026-01-21T07:44:29+00:00,/secure-data,200,11,1
2026-01-21T07:44:30+00:00,/ping,200,6,1
2026-01-21T07:44:30+00:00,/secure-data,200,10,1
2026-01-21T07:44:31+00:00,/ping,200,7,1
2026-01-21T07:44:31+00:00,/secure-data,200,10,1
2026-01-21T07:44:32+00:00,/ping,200,6,1
2026-01-21T07:44:32+00:00,/secure-data,200,11,1
2026-01-21T07:44:33+00:00,/ping,200,6,1
2026-01-21T07:44:33+00:00,/secure-data,200,10,1
2026-01-21T07:44:34+00:00,/ping,200,6,1
2026-01-21T07:44:34+00:00,/secure-data,200,11,1
2026-01-21T07:44:35+00:00,/ping,200,6,1
2026-01-21T07:44:35+00:00,/secure-data,200,11,1
2026-01-21T07:44:38+00:00,/ping,200,7,1
2026-01-21T07:44:38+00:00,/secure-data,200,11,1
2026-01-21T07:44:39+00:00,/ping,200,6,1
2026-01-21T07:44:39+00:00,/secure-data,200,11,1
2026-01-21T07:44:40+00:00,/ping,200,6,1
2026-01-21T07:44:40+00:00,/secure-data,200,11,1
2026-01-21T07:44:41+00:00,/ping,200,7,1
2026-01-21T07:44:41+00:00,/secure-data,200,11,1
2026-01-21T07:44:42+00:00,/ping,200,6,1
2026-01-21T07:44:42+00:00,/secure-data,200,11,1
2026-01-21T07:44:43+00:00,/ping,200,6,1
2026-01-21T07:44:43+00:00,/secure-data,200,12,1
2026-01-21T07:44:44+00:00,/ping,200,6,1
2026-01-21T07:44:44+00:00,/secure-data,200,11,1
2026-01-21T07:44:45+00:00,/ping,200,6,1
2026-01-21T07:44:45+00:00,/secure-data,200,11,1
2026-01-21T07:44:46+00:00,/ping,200,6,1
2026-01-21T07:44:46+00:00,/secure-data,200,11,1
2026-01-21T07:44:47+00:00,/ping,200,6,1
2026-01-21T07:44:47+00:00,/secure-data,200,11,1
2026-01-21T07:44:48+00:00,/ping,200,8,1
2026-01-21T07:44:48+00:00,/secure-data,200,14,1
2026-01-21T07:44:49+00:00,/ping,200,6,1
2026-01-21T07:44:49+00:00,/secure-data,200,11,1
2026-01-21T07:44:50+00:00,/ping,200,7,1
2026-01-21T07:44:50+00:00,/secure-data,200,11,1
2026-01-21T07:44:52+00:00,/ping,200,6,1
2026-01-21T07:44:52+00:00,/secure-data,200,11,1
2026-01-21T07:44:53+00:00,/ping,200,6,1
2026-01-21T07:44:53+00:00,/secure-data,200,11,1
2026-01-21T07:44:54+00:00,/ping,200,6,1
2026-01-21T07:44:54+00:00,/secure-data,200,12,1
2026-01-21T07:44:55+00:00,/ping,200,6,1
2026-01-21T07:44:55+00:00,/secure-data,200,11,1
2026-01-21T07:44:56+00:00,/ping,200,7,1
2026-01-21T07:44:56+00:00,/secure-data,200,11,1
2026-01-21T07:44:57+00:00,/ping,200,6,1
2026-01-21T07:44:57+00:00,/secure-data,200,11,1
2026-01-21T07:44:58+00:00,/ping,200,6,1
2026-01-21T07:44:58+00:00,/secure-data,200,11,1
2026-01-21T07:44:59+00:00,/ping,200,6,1
2026-01-21T07:44:59+00:00,/secure-data,200,11,1
2026-01-21T07:45:00+00:00,/ping,200,6,1
2026-01-21T07:45:00+00:00,/secure-data,200,10,1
2026-01-21T07:45:01+00:00,/ping,200,6,1
2026-01-21T07:45:01+00:00,/secure-data,200,10,1
2026-01-21T07:45:02+00:00,/ping,200,7,1
2026-01-21T07:45:02+00:00,/secure-data,200,10,1
2026-01-21T07:45:03+00:00,/ping,200,6,1
2026-01-21T07:45:03+00:00,/secure-data,200,11,1
2026-01-21T07:45:04+00:00,/ping,200,6,1
2026-01-21T07:45:04+00:00,/secure-data,200,10,1
2026-01-21T07:45:05+00:00,/ping,200,6,1
2026-01-21T07:45:05+00:00,/secure-data,200,10,1
2026-01-21T07:45:06+00:00,/ping,200,6,1
2026-01-21T07:45:06+00:00,/secure-data,200,12,1
2026-01-21T07:45:07+00:00,/ping,200,6,1
2026-01-21T07:45:07+00:00,/secure-data,200,11,1
2026-01-21T07:45:10+00:00,/ping,200,6,1
2026-01-21T07:45:10+00:00,/secure-data,200,11,1
2026-01-21T07:45:11+00:00,/ping,200,7,1
2026-01-21T07:45:11+00:00,/secure-data,200,15,1
2026-01-21T07:45:12+00:00,/ping,200,7,1
2026-01-21T07:45:12+00:00,/secure-data,200,12,1
2026-01-21T07:45:13+00:00,/ping,200,7,1
2026-01-21T07:45:13+00:00,/secure-data,200,12,1
2026-01-21T07:45:14+00:00,/ping,200,6,1
2026-01-21T07:45:14+00:00,/secure-data,200,11,1
2026-01-21T07:45:15+00:00,/ping,200,6,1
2026-01-21T07:45:15+00:00,/secure-data,200,11,1
2026-01-21T07:45:16+00:00,/ping,200,6,1
2026-01-21T07:45:16+00:00,/secure-data,200,11,1
2026-01-21T07:45:17+00:00,/ping,200,6,1
2026-01-21T07:45:17+00:00,/secure-data,200,11,1
2026-01-21T07:45:18+00:00,/ping,200,6,1
2026-01-21T07:45:18+00:00,/secure-data,200,11,1
2026-01-21T07:45:19+00:00,/ping,200,7,1
2026-01-21T07:45:19+00:00,/secure-data,200,11,1
2026-01-21T07:45:20+00:00,/ping,200,6,1
2026-01-21T07:45:20+00:00,/secure-data,200,10,1
2026-01-21T07:45:21+00:00,/ping,200,6,1
2026-01-21T07:45:21+00:00,/secure-data,200,11,1
2026-01-21T07:45:22+00:00,/ping,200,6,1
2026-01-21T07:45:22+00:00,/secure-data,200,12,1
2026-01-21T07:45:23+00:00,/ping,200,8,1
2026-01-21T07:45:23+00:00,/secure-data,200,12,1
2026-01-21T07:45:24+00:00,/ping,200,6,1
2026-01-21T07:45:24+00:00,/secure-data,200,11,1
2026-01-21T07:45:25+00:00,/ping,200,6,1
2026-01-21T07:45:25+00:00,/secure-data,200,11,1
2026-01-21T07:45:26+00:00,/ping,200,6,1
2026-01-21T07:45:26+00:00,/secure-data,200,11,1
2026-01-21T07:45:27+00:00,/ping,200,6,1
2026-01-21T07:45:27+00:00,/secure-data,200,11,1
2026-01-21T07:45:28+00:00,/ping,200,6,1
2026-01-21T07:45:28+00:00,/secure-data,200,11,1
2026-01-21T07:45:29+00:00,/ping,200,7,1
2026-01-21T07:45:29+00:00,/secure-data,200,12,1
2026-01-21T07:45:30+00:00,/ping,200,6,1
2026-01-21T07:45:30+00:00,/secure-data,200,11,1
2026-01-21T07:45:31+00:00,/ping,200,6,1
2026-01-21T07:45:31+00:00,/secure-data,200,11,1
2026-01-21T07:45:32+00:00,/ping,200,6,1
2026-01-21T07:45:32+00:00,/secure-data,200,11,1
2026-01-21T07:45:33+00:00,/ping,200,6,1
2026-01-21T07:45:33+00:00,/secure-data,200,11,1
2026-01-21T07:45:34+00:00,/ping,200,6,1
2026-01-21T07:45:35+00:00,/secure-data,200,10,1
2026-01-21T07:45:36+00:00,/ping,200,6,1
2026-01-21T07:45:36+00:00,/secure-data,200,11,1
2026-01-21T07:45:37+00:00,/ping,200,8,1
2026-01-21T07:45:37+00:00,/secure-data,200,13,1
2026-01-21T07:45:38+00:00,/ping,200,6,1
2026-01-21T07:45:38+00:00,/secure-data,200,11,1
2026-01-21T07:45:39+00:00,/ping,200,6,1
2026-01-21T07:45:39+00:00,/secure-data,200,11,1
2026-01-21T07:45:41+00:00,/ping,200,6,1
2026-01-21T07:45:41+00:00,/secure-data,200,11,1
2026-01-21T07:45:42+00:00,/ping,200,6,1
2026-01-21T07:45:42+00:00,/secure-data,200,11,1
2026-01-21T07:45:43+00:00,/ping,200,6,1
2026-01-21T07:45:43+00:00,/secure-data,200,11,1
2026-01-21T07:45:44+00:00,/ping,200,6,1
2026-01-21T07:45:44+00:00,/secure-data,200,12,1
2026-01-21T07:45:45+00:00,/ping,200,6,1
2026-01-21T07:45:45+00:00,/secure-data,200,11,1
2026-01-21T07:45:46+00:00,/ping,200,6,1
2026-01-21T07:45:46+00:00,/secure-data,200,11,1
2026-01-21T07:45:47+00:00,/ping,200,6,1
2026-01-21T07:45:47+00:00,/secure-data,200,11,1
2026-01-21T07:45:48+00:00,/ping,200,6,1
2026-01-21T07:45:48+00:00,/secure-data,200,11,1
2026-01-21T07:45:49+00:00,/ping,200,6,1
2026-01-21T07:45:49+00:00,/secure-data,200,11,1
2026-01-21T07:45:51+00:00,/ping,200,7,1
2026-01-21T07:45:51+00:00,/secure-data,200,11,1
2026-01-21T07:45:52+00:00,/ping,200,6,1
2026-01-21T07:45:52+00:00,/secure-data,200,11,1
2026-01-21T07:45:53+00:00,/ping,200,6,1
2026-01-21T07:45:53+00:00,/secure-data,200,11,1
2026-01-21T07:45:54+00:00,/ping,200,6,1
2026-01-21T07:45:54+00:00,/secure-data,200,10,1
2026-01-21T07:45:55+00:00,/ping,200,6,1
2026-01-21T07:45:55+00:00,/secure-data,200,11,1
2026-01-21T07:45:56+00:00,/ping,200,6,1
2026-01-21T07:45:56+00:00,/secure-data,200,11,1
2026-01-21T07:45:57+00:00,/ping,200,6,1
2026-01-21T07:45:57+00:00,/secure-data,200,12,1
2026-01-21T07:45:58+00:00,/ping,200,6,1
2026-01-21T07:45:58+00:00,/secure-data,200,11,1
2026-01-21T07:45:59+00:00,/ping,200,7,1
2026-01-21T07:45:59+00:00,/secure-data,200,11,1
2026-01-21T07:46:00+00:00,/ping,200,6,1
2026-01-21T07:46:00+00:00,/secure-data,200,12,1
2026-01-21T07:46:01+00:00,/ping,200,7,1
2026-01-21T07:46:01+00:00,/secure-data,200,11,1
2026-01-21T07:46:02+00:00,/ping,200,7,1
2026-01-21T07:46:02+00:00,/secure-data,200,11,1
2026-01-21T07:46:03+00:00,/ping,200,7,1
2026-01-21T07:46:03+00:00,/secure-data,200,10,1
2026-01-21T07:46:04+00:00,/ping,200,6,1
2026-01-21T07:46:04+00:00,/secure-data,200,11,1
2026-01-21T07:46:05+00:00,/ping,200,6,1
2026-01-21T07:46:05+00:00,/secure-data,200,11,1
2026-01-21T07:46:06+00:00,/ping,200,6,1
2026-01-21T07:46:06+00:00,/secure-data,200,11,1
2026-01-21T07:46:07+00:00,/ping,200,7,1
2026-01-21T07:46:07+00:00,/secure-data,200,10,1
2026-01-21T07:46:08+00:00,/ping,200,6,1
2026-01-21T07:46:08+00:00,/secure-data,200,11,1
2026-01-21T07:46:09+00:00,/ping,200,7,1
2026-01-21T07:46:09+00:00,/secure-data,200,11,1
2026-01-21T07:46:10+00:00,/ping,200,7,1
2026-01-21T07:46:10+00:00,/secure-data,200,11,1
2026-01-21T07:46:13+00:00,/ping,200,6,1
2026-01-21T07:46:13+00:00,/secure-data,200,11,1
2026-01-21T07:46:14+00:00,/ping,200,7,1
2026-01-21T07:46:14+00:00,/secure-data,200,11,1
2026-01-21T07:46:15+00:00,/ping,200,6,1
2026-01-21T07:46:15+00:00,/secure-data,200,11,1
2026-01-21T07:46:16+00:00,/ping,200,6,1
2026-01-21T07:46:16+00:00,/secure-data,200,11,1
2026-01-21T07:46:17+00:00,/ping,200,6,1
2026-01-21T07:46:17+00:00,/secure-data,200,11,1
2026-01-21T07:46:18+00:00,/ping,200,6,1
2026-01-21T07:46:18+00:00,/secure-data,200,11,1
2026-01-21T07:46:19+00:00,/ping,200,7,1
2026-01-21T07:46:19+00:00,/secure-data,200,11,1
2026-01-21T07:46:20+00:00,/ping,200,7,1
2026-01-21T07:46:20+00:00,/secure-data,200,12,1
2026-01-21T07:46:21+00:00,/ping,200,6,1
2026-01-21T07:46:21+00:00,/secure-data,200,11,1
2026-01-21T07:46:22+00:00,/ping,200,7,1
2026-01-21T07:46:22+00:00,/secure-data,200,12,1
2026-01-21T07:46:23+00:00,/ping,200,6,1
2026-01-21T07:46:23+00:00,/secure-data,200,12,1
2026-01-21T07:46:24+00:00,/ping,200,7,1
2026-01-21T07:46:24+00:00,/secure-data,200,10,1
2026-01-21T07:46:25+00:00,/ping,200,6,1
2026-01-21T07:46:25+00:00,/secure-data,200,11,1
2026-01-21T07:46:26+00:00,/ping,200,6,1
2026-01-21T07:46:26+00:00,/secure-data,200,11,1
2026-01-21T07:46:27+00:00,/ping,200,7,1
2026-01-21T07:46:27+00:00,/secure-data,200,12,1
2026-01-21T07:46:28+00:00,/ping,200,7,1
2026-01-21T07:46:28+00:00,/secure-data,200,13,1
2026-01-21T07:46:29+00:00,/ping,200,8,1
2026-01-21T07:46:29+00:00,/secure-data,200,16,1
2026-01-21T07:46:30+00:00,/ping,200,7,1
2026-01-21T07:46:31+00:00,/secure-data,200,13,1
2026-01-21T07:46:32+00:00,/ping,200,7,1
2026-01-21T07:46:32+00:00,/secure-data,200,13,1
2026-01-21T07:46:33+00:00,/ping,200,7,1
2026-01-21T07:46:33+00:00,/secure-data,200,13,1
2026-01-21T07:46:34+00:00,/ping,200,8,1
2026-01-21T07:46:34+00:00,/secure-data,200,13,1
2026-01-21T07:46:35+00:00,/ping,200,10,1
2026-01-21T07:46:35+00:00,/secure-data,200,13,1
2026-01-21T07:46:36+00:00,/ping,200,7,1
2026-01-21T07:46:36+00:00,/secure-data,200,14,1
2026-01-21T07:46:37+00:00,/ping,200,8,1
2026-01-21T07:46:37+00:00,/secure-data,200,14,1
2026-01-21T07:46:38+00:00,/ping,200,8,1
2026-01-21T07:46:38+00:00,/secure-data,200,13,1
2026-01-21T07:46:39+00:00,/ping,200,8,1
2026-01-21T07:46:39+00:00,/secure-data,200,13,1
2026-01-21T07:46:40+00:00,/ping,200,7,1
2026-01-21T07:46:40+00:00,/secure-data,200,14,1
2026-01-21T07:46:41+00:00,/ping,200,7,1
2026-01-21T07:46:41+00:00,/secure-data,200,15,1
2026-01-21T07:46:42+00:00,/ping,200,8,1
2026-01-21T07:46:43+00:00,/secure-data,200,14,1
2026-01-21T07:46:45+00:00,/ping,200,7,1
2026-01-21T07:46:45+00:00,/secure-data,200,13,1
2026-01-21T07:46:46+00:00,/ping,200,7,1
2026-01-21T07:46:46+00:00,/secure-data,200,14,1
2026-01-21T07:46:47+00:00,/ping,200,8,1
2026-01-21T07:46:47+00:00,/secure-data,200,14,1
2026-01-21T07:46:48+00:00,/ping,200,7,1
2026-01-21T07:46:48+00:00,/secure-data,200,13,1
2026-01-21T07:46:49+00:00,/ping,200,8,1
2026-01-21T07:46:49+00:00,/secure-data,200,16,1
2026-01-21T07:46:50+00:00,/ping,200,7,1
2026-01-21T07:46:50+00:00,/secure-data,200,13,1
2026-01-21T07:46:51+00:00,/ping,200,8,1
2026-01-21T07:46:51+00:00,/secure-data,200,16,1
2026-01-21T07:46:52+00:00,/ping,200,8,1
2026-01-21T07:46:52+00:00,/secure-data,200,13,1
2026-01-21T07:46:53+00:00,/ping,200,8,1
2026-01-21T07:46:53+00:00,/secure-data,200,14,1
2026-01-21T07:46:54+00:00,/ping,200,7,1
2026-01-21T07:46:54+00:00,/secure-data,200,16,1
2026-01-21T07:46:55+00:00,/ping,200,7,1
2026-01-21T07:46:55+00:00,/secure-data,200,14,1
2026-01-21T07:46:56+00:00,/ping,200,8,1
2026-01-21T07:46:56+00:00,/secure-data,200,14,1
2026-01-21T07:46:57+00:00,/ping,200,7,1
2026-01-21T07:46:57+00:00,/secure-data,200,12,1
2026-01-21T07:46:58+00:00,/ping,200,7,1
2026-01-21T07:46:58+00:00,/secure-data,200,12,1
2026-01-21T07:46:59+00:00,/ping,200,11,1
2026-01-21T07:46:59+00:00,/secure-data,200,12,1
2026-01-21T07:47:00+00:00,/ping,200,7,1
2026-01-21T07:47:00+00:00,/secure-data,200,12,1
2026-01-21T07:47:01+00:00,/ping,200,7,1
2026-01-21T07:47:01+00:00,/secure-data,200,11,1
2026-01-21T07:47:02+00:00,/ping,200,6,1
2026-01-21T07:47:02+00:00,/secure-data,200,13,1
2026-01-21T07:47:03+00:00,/ping,200,7,1
2026-01-21T07:47:03+00:00,/secure-data,200,14,1
2026-01-21T07:47:04+00:00,/ping,200,7,1
2026-01-21T07:47:04+00:00,/secure-data,200,14,1
2026-01-21T07:47:05+00:00,/ping,200,9,1
2026-01-21T07:47:05+00:00,/secure-data,200,13,1
2026-01-21T07:47:06+00:00,/ping,200,9,1
2026-01-21T07:47:07+00:00,/secure-data,200,14,1
2026-01-21T07:47:08+00:00,/ping,200,7,1
2026-01-21T07:47:08+00:00,/secure-data,200,13,1
2026-01-21T07:47:09+00:00,/ping,200,7,1
2026-01-21T07:47:09+00:00,/secure-data,200,13,1
2026-01-21T07:47:10+00:00,/ping,200,8,1
2026-01-21T07:47:10+00:00,/secure-data,200,13,1
2026-01-21T07:47:11+00:00,/ping,200,7,1
2026-01-21T07:47:11+00:00,/secure-data,200,13,1
2026-01-21T07:47:12+00:00,/ping,200,7,1
2026-01-21T07:47:12+00:00,/secure-data,200,13,1
2026-01-21T07:47:13+00:00,/ping,200,7,1
2026-01-21T07:47:13+00:00,/secure-data,200,13,1
2026-01-21T07:47:15+00:00,/ping,200,7,1
2026-01-21T07:47:15+00:00,/secure-data,200,14,1
2026-01-21T07:47:16+00:00,/ping,200,7,1
2026-01-21T07:47:16+00:00,/secure-data,200,13,1
2026-01-21T07:47:17+00:00,/ping,200,7,1
2026-01-21T07:47:17+00:00,/secure-data,200,13,1
2026-01-21T07:47:18+00:00,/ping,200,7,1
2026-01-21T07:47:18+00:00,/secure-data,200,13,1
2026-01-21T07:47:19+00:00,/ping,200,7,1
2026-01-21T07:47:19+00:00,/secure-data,200,12,1
2026-01-21T07:47:20+00:00,/ping,200,7,1
2026-01-21T07:47:20+00:00,/secure-data,200,12,1
2026-01-21T07:47:21+00:00,/ping,200,6,1
2026-01-21T07:47:21+00:00,/secure-data,200,11,1
2026-01-21T07:47:23+00:00,/ping,200,7,1
2026-01-21T07:47:23+00:00,/secure-data,200,13,1
2026-01-21T07:47:24+00:00,/ping,200,7,1
2026-01-21T07:47:24+00:00,/secure-data,200,13,1
2026-01-21T07:47:25+00:00,/ping,200,7,1
2026-01-21T07:47:25+00:00,/secure-data,200,15,1
2026-01-21T07:47:26+00:00,/ping,200,7,1
2026-01-21T07:47:26+00:00,/secure-data,200,12,1
2026-01-21T07:47:27+00:00,/ping,200,6,1
2026-01-21T07:47:27+00:00,/secure-data,200,12,1
2026-01-21T07:47:28+00:00,/ping,200,7,1
2026-01-21T07:47:28+00:00,/secure-data,200,15,1
2026-01-21T07:47:29+00:00,/ping,200,6,1
2026-01-21T07:47:29+00:00,/secure-data,200,11,1
2026-01-21T07:47:30+00:00,/ping,200,7,1
2026-01-21T07:47:30+00:00,/secure-data,200,12,1
2026-01-21T07:47:31+00:00,/ping,200,6,1
2026-01-21T07:47:31+00:00,/secure-data,200,12,1
2026-01-21T07:47:32+00:00,/ping,200,7,1
2026-01-21T07:47:32+00:00,/secure-data,200,11,1
2026-01-21T07:47:33+00:00,/ping,200,6,1
2026-01-21T07:47:33+00:00,/secure-data,200,11,1
2026-01-21T07:47:34+00:00,/ping,200,6,1
2026-01-21T07:47:34+00:00,/secure-data,200,11,1
2026-01-21T07:47:35+00:00,/ping,200,6,1
2026-01-21T07:47:35+00:00,/secure-data,200,11,1
2026-01-21T07:47:36+00:00,/ping,200,6,1
2026-01-21T07:47:36+00:00,/secure-data,200,11,1
2026-01-21T07:47:37+00:00,/ping,200,6,1
2026-01-21T07:47:37+00:00,/secure-data,200,11,1
2026-01-21T07:47:38+00:00,/ping,200,7,1
2026-01-21T07:47:38+00:00,/secure-data,200,10,1
2026-01-21T07:47:39+00:00,/ping,200,7,1
2026-01-21T07:47:39+00:00,/secure-data,200,12,1
2026-01-21T07:47:40+00:00,/ping,200,7,1
2026-01-21T07:47:40+00:00,/secure-data,200,13,1
2026-01-21T07:47:41+00:00,/ping,200,6,1
2026-01-21T07:47:41+00:00,/secure-data,200,12,1
2026-01-21T07:47:42+00:00,/ping,200,6,1
2026-01-21T07:47:42+00:00,/secure-data,200,11,1
2026-01-21T07:47:43+00:00,/ping,200,6,1
2026-01-21T07:47:43+00:00,/secure-data,200,12,1
2026-01-21T07:47:44+00:00,/ping,200,10,1
2026-01-21T07:47:44+00:00,/secure-data,200,19,1
2026-01-21T07:47:47+00:00,/ping,200,7,1
2026-01-21T07:47:47+00:00,/secure-data,200,13,1
2026-01-21T07:47:48+00:00,/ping,200,6,1
2026-01-21T07:47:48+00:00,/secure-data,200,11,1
2026-01-21T07:47:49+00:00,/ping,200,7,1
2026-01-21T07:47:49+00:00,/secure-data,200,11,1
2026-01-21T07:47:50+00:00,/ping,200,6,1
2026-01-21T07:47:50+00:00,/secure-data,200,11,1
2026-01-21T07:47:51+00:00,/ping,200,6,1
2026-01-21T07:47:51+00:00,/secure-data,200,14,1
2026-01-21T07:47:52+00:00,/ping,200,6,1
2026-01-21T07:47:52+00:00,/secure-data,200,11,1
2026-01-21T07:47:53+00:00,/ping,200,6,1
2026-01-21T07:47:53+00:00,/secure-data,200,40,1
2026-01-21T07:47:54+00:00,/ping,200,6,1
2026-01-21T07:47:54+00:00,/secure-data,200,11,1
2026-01-21T07:47:55+00:00,/ping,200,6,1
2026-01-21T07:47:55+00:00,/secure-data,200,11,1
2026-01-21T07:47:56+00:00,/ping,200,6,1
2026-01-21T07:47:56+00:00,/secure-data,200,12,1
2026-01-21T07:47:57+00:00,/ping,200,6,1
2026-01-21T07:47:57+00:00,/secure-data,200,11,1
2026-01-21T07:47:58+00:00,/ping,200,8,1
2026-01-21T07:47:58+00:00,/secure-data,200,15,1
2026-01-21T07:47:59+00:00,/ping,200,7,1
2026-01-21T07:47:59+00:00,/secure-data,200,13,1
2026-01-21T07:48:01+00:00,/ping,200,7,1
2026-01-21T07:48:01+00:00,/secure-data,200,12,1
2026-01-21T07:48:02+00:00,/ping,200,6,1
2026-01-21T07:48:02+00:00,/secure-data,200,11,1
2026-01-21T07:48:03+00:00,/ping,200,10,1
2026-01-21T07:48:03+00:00,/secure-data,200,10,1
2026-01-21T07:48:04+00:00,/ping,200,7,1
2026-01-21T07:48:04+00:00,/secure-data,200,15,1
2026-01-21T07:48:05+00:00,/ping,200,6,1
2026-01-21T07:48:05+00:00,/secure-data,200,11,1
2026-01-21T07:48:06+00:00,/ping,200,6,1
2026-01-21T07:48:06+00:00,/secure-data,200,12,1
2026-01-21T07:48:07+00:00,/ping,200,7,1
2026-01-21T07:48:07+00:00,/secure-data,200,16,1
2026-01-21T07:48:08+00:00,/ping,200,7,1
2026-01-21T07:48:08+00:00,/secure-data,200,16,1
2026-01-21T07:48:09+00:00,/ping,200,6,1
2026-01-21T07:48:09+00:00,/secure-data,200,12,1
2026-01-21T07:48:10+00:00,/ping,200,6,1
2026-01-21T07:48:10+00:00,/secure-data,200,27,1
2026-01-21T07:48:11+00:00,/ping,200,9,1
2026-01-21T07:48:11+00:00,/secure-data,200,12,1
2026-01-21T07:48:12+00:00,/ping,200,6,1
2026-01-21T07:48:12+00:00,/secure-data,200,31,1
2026-01-21T07:48:13+00:00,/ping,200,16,1
2026-01-21T07:48:13+00:00,/secure-data,200,31,1
2026-01-21T07:48:14+00:00,/ping,200,31,1
2026-01-21T07:48:14+00:00,/secure-data,200,12,1
2026-01-21T07:48:15+00:00,/ping,200,9,1
2026-01-21T07:48:15+00:00,/secure-data,200,13,1
2026-01-21T07:48:16+00:00,/ping,200,125,1
2026-01-21T07:48:16+00:00,/secure-data,200,26,1
2026-01-21T07:48:19+00:00,/ping,200,7,1
2026-01-21T07:48:19+00:00,/secure-data,200,40,1
2026-01-21T07:48:20+00:00,/ping,200,19,1
2026-01-21T07:48:20+00:00,/secure-data,200,12,1
2026-01-21T07:48:21+00:00,/ping,200,7,1
2026-01-21T07:48:21+00:00,/secure-data,200,51,1
2026-01-21T07:48:22+00:00,/ping,200,74,1
2026-01-21T07:48:22+00:00,/secure-data,200,14,1
2026-01-21T07:48:23+00:00,/ping,200,14,1
2026-01-21T07:48:24+00:00,/secure-data,200,285,1
2026-01-21T07:48:25+00:00,/ping,200,24,1
2026-01-21T07:48:25+00:00,/secure-data,200,196,1
2026-01-21T07:48:26+00:00,/ping,200,17,1
2026-01-21T07:48:26+00:00,/secure-data,200,297,1
2026-01-21T07:48:27+00:00,/ping,200,8,1
2026-01-21T07:48:27+00:00,/secure-data,200,227,1
2026-01-21T07:48:28+00:00,/ping,200,10,1
2026-01-21T07:48:29+00:00,/secure-data,200,155,1
2026-01-21T07:48:30+00:00,/ping,200,61,1
2026-01-21T07:48:30+00:00,/secure-data,200,36,1
2026-01-21T07:48:31+00:00,/ping,200,225,1
2026-01-21T07:48:31+00:00,/secure-data,200,189,1
2026-01-21T07:48:32+00:00,/ping,200,125,1
2026-01-21T07:48:32+00:00,/secure-data,200,303,1
2026-01-21T07:48:34+00:00,/ping,200,203,1
2026-01-21T07:48:34+00:00,/secure-data,200,135,1
2026-01-21T07:48:35+00:00,/ping,200,34,1
2026-01-21T07:48:35+00:00,/secure-data,200,53,1
2026-01-21T07:48:36+00:00,/ping,200,138,1
2026-01-21T07:48:36+00:00,/secure-data,200,11,1
2026-01-21T07:48:37+00:00,/ping,200,337,1
2026-01-21T07:48:38+00:00,/secure-data,200,234,1
2026-01-21T07:48:39+00:00,/ping,200,210,1
2026-01-21T07:48:39+00:00,/secure-data,200,28,1
2026-01-21T07:48:40+00:00,/ping,200,174,1
2026-01-21T07:48:40+00:00,/secure-data,200,177,1
2026-01-21T07:48:42+00:00,/ping,200,201,1
2026-01-21T07:48:42+00:00,/secure-data,200,389,1
2026-01-21T07:48:43+00:00,/ping,200,7,1
2026-01-21T07:48:43+00:00,/secure-data,200,14,1
2026-01-21T07:48:44+00:00,/ping,200,70,1
2026-01-21T07:48:44+00:00,/secure-data,200,415,1
2026-01-21T07:48:46+00:00,/ping,200,91,1
2026-01-21T07:48:46+00:00,/secure-data,200,22,1
2026-01-21T07:48:47+00:00,/ping,200,218,1
2026-01-21T07:48:47+00:00,/secure-data,200,179,1
2026-01-21T07:48:50+00:00,/ping,200,124,1
2026-01-21T07:48:50+00:00,/secure-data,200,190,1
2026-01-21T07:48:51+00:00,/ping,200,7,1
2026-01-21T07:48:51+00:00,/secure-data,200,12,1
2026-01-21T07:48:52+00:00,/ping,200,10,1
2026-01-21T07:48:52+00:00,/secure-data,200,12,1
2026-01-21T07:48:53+00:00,/ping,200,117,1
2026-01-21T07:48:53+00:00,/secure-data,200,129,1
2026-01-21T07:48:54+00:00,/ping,200,7,1
2026-01-21T07:48:54+00:00,/secure-data,200,22,1
2026-01-21T07:48:55+00:00,/ping,200,7,1
2026-01-21T07:48:55+00:00,/secure-data,200,13,1
2026-01-21T07:48:56+00:00,/ping,200,27,1
2026-01-21T07:48:56+00:00,/secure-data,200,30,1
2026-01-21T07:48:57+00:00,/ping,200,6,1
2026-01-21T07:48:57+00:00,/secure-data,200,12,1
2026-01-21T07:48:58+00:00,/ping,200,19,1
2026-01-21T07:48:58+00:00,/secure-data,200,36,1
2026-01-21T07:48:59+00:00,/ping,200,6,1
2026-01-21T07:49:00+00:00,/secure-data,200,10,1
2026-01-21T07:49:01+00:00,/ping,200,6,1
2026-01-21T07:49:01+00:00,/secure-data,200,11,1
2026-01-21T07:49:02+00:00,/ping,200,6,1
2026-01-21T07:49:02+00:00,/secure-data,200,11,1
2026-01-21T07:49:03+00:00,/ping,200,6,1
2026-01-21T07:49:03+00:00,/secure-data,200,12,1
2026-01-21T07:49:04+00:00,/ping,200,6,1
2026-01-21T07:49:04+00:00,/secure-data,200,11,1
2026-01-21T07:49:05+00:00,/ping,200,6,1
2026-01-21T07:49:05+00:00,/secure-data,200,11,1
2026-01-21T07:49:06+00:00,/ping,200,6,1
2026-01-21T07:49:06+00:00,/secure-data,200,11,1
2026-01-21T07:49:07+00:00,/ping,200,6,1
2026-01-21T07:49:07+00:00,/secure-data,200,11,1
2026-01-21T07:49:08+00:00,/ping,200,6,1
2026-01-21T07:49:08+00:00,/secure-data,200,11,1
2026-01-21T07:49:09+00:00,/ping,200,6,1
2026-01-21T07:49:09+00:00,/secure-data,200,10,1
2026-01-21T07:49:10+00:00,/ping,200,6,1
2026-01-21T07:49:10+00:00,/secure-data,200,11,1
2026-01-21T07:49:11+00:00,/ping,200,6,1
2026-01-21T07:49:11+00:00,/secure-data,200,11,1
2026-01-21T07:49:12+00:00,/ping,200,6,1
2026-01-21T07:49:12+00:00,/secure-data,200,11,1
2026-01-21T07:49:13+00:00,/ping,200,6,1
2026-01-21T07:49:13+00:00,/secure-data,200,12,1
2026-01-21T07:49:14+00:00,/ping,200,6,1
2026-01-21T07:49:14+00:00,/secure-data,200,11,1
2026-01-21T07:49:15+00:00,/ping,200,6,1
2026-01-21T07:49:15+00:00,/secure-data,200,11,1
2026-01-21T07:49:16+00:00,/ping,200,7,1
2026-01-21T07:49:16+00:00,/secure-data,200,11,1
2026-01-21T07:49:17+00:00,/ping,200,6,1
2026-01-21T07:49:17+00:00,/secure-data,200,11,1
2026-01-21T07:49:18+00:00,/ping,200,6,1
2026-01-21T07:49:18+00:00,/secure-data,200,12,1
2026-01-21T07:49:19+00:00,/ping,200,7,1
2026-01-21T07:49:19+00:00,/secure-data,200,12,1
2026-01-21T07:49:22+00:00,/ping,200,6,1
2026-01-21T07:49:22+00:00,/secure-data,200,11,1
2026-01-21T07:49:23+00:00,/ping,200,6,1
2026-01-21T07:49:23+00:00,/secure-data,200,11,1
2026-01-21T07:49:24+00:00,/ping,200,6,1
2026-01-21T07:49:24+00:00,/secure-data,200,11,1
2026-01-21T07:49:25+00:00,/ping,200,6,1
2026-01-21T07:49:25+00:00,/secure-data,200,11,1
2026-01-21T07:49:26+00:00,/ping,200,6,1
2026-01-21T07:49:26+00:00,/secure-data,200,12,1
2026-01-21T07:49:27+00:00,/ping,200,6,1
2026-01-21T07:49:27+00:00,/secure-data,200,11,1
2026-01-21T07:49:28+00:00,/ping,200,7,1
2026-01-21T07:49:28+00:00,/secure-data,200,11,1
2026-01-21T07:49:29+00:00,/ping,200,6,1
2026-01-21T07:49:29+00:00,/secure-data,200,11,1
2026-01-21T07:49:30+00:00,/ping,200,6,1
2026-01-21T07:49:30+00:00,/secure-data,200,10,1
2026-01-21T07:49:31+00:00,/ping,200,6,1
2026-01-21T07:49:31+00:00,/secure-data,200,11,1
2026-01-21T07:49:32+00:00,/ping,200,6,1
2026-01-21T07:49:32+00:00,/secure-data,200,12,1
2026-01-21T07:49:33+00:00,/ping,200,6,1
2026-01-21T07:49:33+00:00,/secure-data,200,11,1
2026-01-21T07:49:34+00:00,/ping,200,6,1
2026-01-21T07:49:34+00:00,/secure-data,200,10,1
2026-01-21T07:49:35+00:00,/ping,200,7,1
2026-01-21T07:49:35+00:00,/secure-data,200,11,1
2026-01-21T07:49:36+00:00,/ping,200,6,1
2026-01-21T07:49:36+00:00,/secure-data,200,11,1
2026-01-21T07:49:37+00:00,/ping,200,6,1
2026-01-21T07:49:37+00:00,/secure-data,200,11,1
2026-01-21T07:49:38+00:00,/ping,200,6,1
2026-01-21T07:49:38+00:00,/secure-data,200,11,1
2026-01-21T07:49:39+00:00,/ping,200,7,1
2026-01-21T07:49:39+00:00,/secure-data,200,11,1
2026-01-21T07:49:40+00:00,/ping,200,6,1
2026-01-21T07:49:40+00:00,/secure-data,200,11,1
2026-01-21T07:49:41+00:00,/ping,200,6,1
2026-01-21T07:49:41+00:00,/secure-data,200,11,1
2026-01-21T07:49:42+00:00,/ping,200,6,1
2026-01-21T07:49:42+00:00,/secure-data,200,11,1
2026-01-21T07:49:43+00:00,/ping,200,6,1
2026-01-21T07:49:44+00:00,/secure-data,200,11,1
2026-01-21T07:49:45+00:00,/ping,200,6,1
2026-01-21T07:49:45+00:00,/secure-data,200,10,1
2026-01-21T07:49:46+00:00,/ping,200,6,1
2026-01-21T07:49:46+00:00,/secure-data,200,11,1
2026-01-21T07:49:47+00:00,/ping,200,6,1
2026-01-21T07:49:47+00:00,/secure-data,200,11,1
2026-01-21T07:49:48+00:00,/ping,200,6,1
2026-01-21T07:49:48+00:00,/secure-data,200,11,1
2026-01-21T07:49:49+00:00,/ping,200,6,1
2026-01-21T07:49:49+00:00,/secure-data,200,11,1
2026-01-21T07:49:50+00:00,/ping,200,6,1
2026-01-21T07:49:50+00:00,/secure-data,200,12,1
2026-01-21T07:49:51+00:00,/ping,200,6,1
2026-01-21T07:49:51+00:00,/secure-data,200,11,1
2026-01-21T07:49:53+00:00,/ping,200,6,1
2026-01-21T07:49:53+00:00,/secure-data,200,11,1
2026-01-21T07:49:54+00:00,/ping,200,6,1
2026-01-21T07:49:54+00:00,/secure-data,200,11,1
2026-01-21T07:49:55+00:00,/ping,200,6,1
2026-01-21T07:49:55+00:00,/secure-data,200,12,1
2026-01-21T07:49:56+00:00,/ping,200,7,1
2026-01-21T07:49:56+00:00,/secure-data,200,11,1
2026-01-21T07:49:57+00:00,/ping,200,6,1
2026-01-21T07:49:57+00:00,/secure-data,200,11,1
2026-01-21T07:49:58+00:00,/ping,200,6,1
2026-01-21T07:49:58+00:00,/secure-data,200,11,1
2026-01-21T07:50:00+00:00,/ping,200,6,1
2026-01-21T07:50:00+00:00,/secure-data,503,8,0
2026-01-21T07:50:01+00:00,/ping,200,6,1
2026-01-21T07:50:01+00:00,/secure-data,503,8,0
2026-01-21T07:50:02+00:00,/ping,200,6,1
2026-01-21T07:50:02+00:00,/secure-data,503,8,0
2026-01-21T07:50:03+00:00,/ping,200,6,1
2026-01-21T07:50:03+00:00,/secure-data,503,8,0
2026-01-21T07:50:04+00:00,/ping,200,6,1
2026-01-21T07:50:04+00:00,/secure-data,503,8,0
2026-01-21T07:50:05+00:00,/ping,200,6,1
2026-01-21T07:50:05+00:00,/secure-data,503,7,0
2026-01-21T07:50:06+00:00,/ping,200,6,1
2026-01-21T07:50:06+00:00,/secure-data,503,8,0
2026-01-21T07:50:07+00:00,/ping,200,6,1
2026-01-21T07:50:07+00:00,/secure-data,503,8,0
2026-01-21T07:50:08+00:00,/ping,200,7,1
2026-01-21T07:50:08+00:00,/secure-data,503,8,0
2026-01-21T07:50:09+00:00,/ping,200,6,1
2026-01-21T07:50:09+00:00,/secure-data,503,8,0
2026-01-21T07:50:10+00:00,/ping,200,14,1
2026-01-21T07:50:10+00:00,/secure-data,503,13,0
2026-01-21T07:50:11+00:00,/ping,200,6,1
2026-01-21T07:50:11+00:00,/secure-data,503,7,0
2026-01-21T07:50:12+00:00,/ping,200,7,1
2026-01-21T07:50:12+00:00,/secure-data,503,8,0
2026-01-21T07:50:13+00:00,/ping,200,7,1
2026-01-21T07:50:13+00:00,/secure-data,503,8,0
2026-01-21T07:50:14+00:00,/ping,200,7,1
2026-01-21T07:50:14+00:00,/secure-data,503,7,0
2026-01-21T07:50:15+00:00,/ping,200,6,1
2026-01-21T07:50:15+00:00,/secure-data,503,7,0
2026-01-21T07:50:16+00:00,/ping,200,6,1
2026-01-21T07:50:16+00:00,/secure-data,503,8,0
2026-01-21T07:50:17+00:00,/ping,200,7,1
2026-01-21T07:50:17+00:00,/secure-data,503,8,0
2026-01-21T07:50:18+00:00,/ping,200,6,1
2026-01-21T07:50:18+00:00,/secure-data,503,8,0
2026-01-21T07:50:19+00:00,/ping,200,9,1
2026-01-21T07:50:19+00:00,/secure-data,503,13,0
2026-01-21T07:50:20+00:00,/ping,200,6,1
2026-01-21T07:50:20+00:00,/secure-data,200,11,1
2026-01-21T07:50:21+00:00,/ping,200,6,1
2026-01-21T07:50:21+00:00,/secure-data,200,11,1
2026-01-21T07:50:22+00:00,/ping,200,6,1
2026-01-21T07:50:23+00:00,/secure-data,200,11,1
2026-01-21T07:50:25+00:00,/ping,200,6,1
2026-01-21T07:50:25+00:00,/secure-data,200,11,1
2026-01-21T07:50:26+00:00,/ping,200,6,1
2026-01-21T07:50:26+00:00,/secure-data,200,11,1
2026-01-21T07:50:27+00:00,/ping,200,6,1
2026-01-21T07:50:27+00:00,/secure-data,200,11,1
2026-01-21T07:50:28+00:00,/ping,200,6,1
2026-01-21T07:50:28+00:00,/secure-data,200,12,1
2026-01-21T07:50:29+00:00,/ping,200,6,1
2026-01-21T07:50:29+00:00,/secure-data,200,10,1
2026-01-21T07:50:30+00:00,/ping,200,6,1
2026-01-21T07:50:30+00:00,/secure-data,200,11,1
2026-01-21T07:50:31+00:00,/ping,200,6,1
2026-01-21T07:50:31+00:00,/secure-data,200,11,1
2026-01-21T07:50:32+00:00,/ping,200,8,1
2026-01-21T07:50:32+00:00,/secure-data,200,15,1
2026-01-21T07:50:33+00:00,/ping,200,7,1
2026-01-21T07:50:33+00:00,/secure-data,200,13,1
2026-01-21T07:50:34+00:00,/ping,200,6,1
2026-01-21T07:50:34+00:00,/secure-data,200,11,1
2026-01-21T07:50:35+00:00,/ping,200,7,1
2026-01-21T07:50:35+00:00,/secure-data,200,11,1
2026-01-21T07:50:36+00:00,/ping,200,6,1
2026-01-21T07:50:36+00:00,/secure-data,200,12,1
2026-01-21T07:50:37+00:00,/ping,200,7,1
2026-01-21T07:50:37+00:00,/secure-data,200,11,1
2026-01-21T07:50:38+00:00,/ping,200,7,1
2026-01-21T07:50:38+00:00,/secure-data,200,13,1
2026-01-21T07:50:39+00:00,/ping,200,6,1
2026-01-21T07:50:39+00:00,/secure-data,200,11,1
2026-01-21T07:50:40+00:00,/ping,200,7,1
2026-01-21T07:50:40+00:00,/secure-data,200,14,1
2026-01-21T07:50:41+00:00,/ping,200,7,1
2026-01-21T07:50:42+00:00,/secure-data,200,13,1
2026-01-21T07:50:43+00:00,/ping,200,7,1
2026-01-21T07:50:43+00:00,/secure-data,200,13,1
2026-01-21T07:50:44+00:00,/ping,200,7,1
2026-01-21T07:50:44+00:00,/secure-data,200,14,1
2026-01-21T07:50:45+00:00,/ping,200,7,1
2026-01-21T07:50:45+00:00,/secure-data,200,12,1
2026-01-21T07:50:46+00:00,/ping,200,7,1
2026-01-21T07:50:46+00:00,/secure-data,200,13,1
2026-01-21T07:50:47+00:00,/ping,200,8,1
2026-01-21T07:50:47+00:00,/secure-data,200,15,1
2026-01-21T07:50:48+00:00,/ping,200,8,1
2026-01-21T07:50:48+00:00,/secure-data,200,14,1
2026-01-21T07:50:49+00:00,/ping,200,7,1
2026-01-21T07:50:49+00:00,/secure-data,200,14,1
2026-01-21T07:50:50+00:00,/ping,200,8,1
2026-01-21T07:50:50+00:00,/secure-data,200,16,1
2026-01-21T07:50:51+00:00,/ping,200,7,1
2026-01-21T07:50:51+00:00,/secure-data,200,14,1
2026-01-21T07:50:52+00:00,/ping,200,7,1
2026-01-21T07:50:52+00:00,/secure-data,200,13,1
2026-01-21T07:50:53+00:00,/ping,200,7,1
2026-01-21T07:50:53+00:00,/secure-data,200,14,1
2026-01-21T07:50:56+00:00,/ping,200,7,1
2026-01-21T07:50:56+00:00,/secure-data,200,16,1
2026-01-21T07:50:57+00:00,/ping,200,10,1
2026-01-21T07:50:57+00:00,/secure-data,200,21,1
2026-01-21T07:50:58+00:00,/ping,200,7,1
2026-01-21T07:50:58+00:00,/secure-data,200,12,1
2026-01-21T07:50:59+00:00,/ping,200,6,1
2026-01-21T07:50:59+00:00,/secure-data,200,12,1
2026-01-21T07:51:00+00:00,/ping,200,7,1
2026-01-21T07:51:00+00:00,/secure-data,200,13,1
2026-01-21T07:51:01+00:00,/ping,200,7,1
2026-01-21T07:51:01+00:00,/secure-data,200,17,1
2026-01-21T07:51:02+00:00,/ping,200,8,1
2026-01-21T07:51:02+00:00,/secure-data,200,15,1
2026-01-21T07:51:03+00:00,/ping,200,7,1
2026-01-21T07:51:03+00:00,/secure-data,200,13,1
2026-01-21T07:51:04+00:00,/ping,200,8,1
2026-01-21T07:51:04+00:00,/secure-data,200,13,1
2026-01-21T07:51:05+00:00,/ping,200,7,1
2026-01-21T07:51:05+00:00,/secure-data,200,13,1
2026-01-21T07:51:06+00:00,/ping,200,7,1
2026-01-21T07:51:06+00:00,/secure-data,200,12,1
2026-01-21T07:51:07+00:00,/ping,200,7,1
2026-01-21T07:51:07+00:00,/secure-data,200,13,1
2026-01-21T07:51:08+00:00,/ping,200,7,1
2026-01-21T07:51:08+00:00,/secure-data,200,14,1
2026-01-21T07:51:09+00:00,/ping,200,6,1
2026-01-21T07:51:09+00:00,/secure-data,200,12,1
2026-01-21T07:51:10+00:00,/ping,200,7,1
2026-01-21T07:51:10+00:00,/secure-data,200,12,1
2026-01-21T07:51:11+00:00,/ping,200,9,1
2026-01-21T07:51:11+00:00,/secure-data,200,12,1
2026-01-21T07:51:12+00:00,/ping,200,7,1
2026-01-21T07:51:12+00:00,/secure-data,200,12,1
2026-01-21T07:51:13+00:00,/ping,200,7,1
2026-01-21T07:51:13+00:00,/secure-data,200,13,1
2026-01-21T07:51:14+00:00,/ping,200,7,1
2026-01-21T07:51:14+00:00,/secure-data,200,13,1
2026-01-21T07:51:15+00:00,/ping,200,7,1
2026-01-21T07:51:15+00:00,/secure-data,200,13,1
2026-01-21T07:51:16+00:00,/ping,200,7,1
2026-01-21T07:51:16+00:00,/secure-data,200,13,1
2026-01-21T07:51:17+00:00,/ping,200,7,1
2026-01-21T07:51:18+00:00,/secure-data,200,14,1
2026-01-21T07:51:19+00:00,/ping,200,7,1
2026-01-21T07:51:19+00:00,/secure-data,200,12,1
2026-01-21T07:51:20+00:00,/ping,200,7,1
2026-01-21T07:51:20+00:00,/secure-data,200,12,1
2026-01-21T07:51:21+00:00,/ping,200,7,1
2026-01-21T07:51:21+00:00,/secure-data,200,13,1
2026-01-21T07:51:22+00:00,/ping,200,7,1
2026-01-21T07:51:22+00:00,/secure-data,200,13,1
2026-01-21T07:51:23+00:00,/ping,200,7,1
2026-01-21T07:51:23+00:00,/secure-data,200,13,1
2026-01-21T07:51:24+00:00,/ping,200,6,1
2026-01-21T07:51:24+00:00,/secure-data,200,13,1
2026-01-21T07:51:25+00:00,/ping,200,7,1
2026-01-21T07:51:25+00:00,/secure-data,200,13,1
2026-01-21T07:51:27+00:00,/ping,200,7,1
2026-01-21T07:51:27+00:00,/secure-data,200,12,1
2026-01-21T07:51:28+00:00,/ping,200,7,1
2026-01-21T07:51:28+00:00,/secure-data,200,13,1
2026-01-21T07:51:29+00:00,/ping,200,7,1
2026-01-21T07:51:29+00:00,/secure-data,200,12,1
2026-01-21T07:51:30+00:00,/ping,200,7,1
2026-01-21T07:51:30+00:00,/secure-data,200,13,1
2026-01-21T07:51:31+00:00,/ping,200,10,1
2026-01-21T07:51:32+00:00,/secure-data,200,12,1
2026-01-21T07:51:33+00:00,/ping,200,7,1
2026-01-21T07:51:33+00:00,/secure-data,200,12,1
2026-01-21T07:51:34+00:00,/ping,200,6,1
2026-01-21T07:51:34+00:00,/secure-data,200,13,1
2026-01-21T07:51:35+00:00,/ping,200,8,1
2026-01-21T07:51:35+00:00,/secure-data,200,12,1
2026-01-21T07:51:36+00:00,/ping,200,7,1
2026-01-21T07:51:36+00:00,/secure-data,200,12,1
2026-01-21T07:51:37+00:00,/ping,200,7,1
2026-01-21T07:51:37+00:00,/secure-data,200,14,1
2026-01-21T07:51:38+00:00,/ping,200,6,1
2026-01-21T07:51:38+00:00,/secure-data,200,14,1
2026-01-21T07:51:39+00:00,/ping,200,7,1
2026-01-21T07:51:39+00:00,/secure-data,200,13,1
2026-01-21T07:51:40+00:00,/ping,200,7,1
2026-01-21T07:51:40+00:00,/secure-data,200,12,1
2026-01-21T07:51:41+00:00,/ping,200,7,1
2026-01-21T07:51:41+00:00,/secure-data,200,13,1
2026-01-21T07:51:42+00:00,/ping,200,7,1
2026-01-21T07:51:42+00:00,/secure-data,200,13,1
2026-01-21T07:51:43+00:00,/ping,200,7,1
2026-01-21T07:51:43+00:00,/secure-data,200,13,1
2026-01-21T07:51:44+00:00,/ping,200,7,1
2026-01-21T07:51:44+00:00,/secure-data,200,13,1
2026-01-21T07:51:45+00:00,/ping,200,6,1
2026-01-21T07:51:45+00:00,/secure-data,200,13,1
2026-01-21T07:51:46+00:00,/ping,200,7,1
2026-01-21T07:51:46+00:00,/secure-data,200,13,1
2026-01-21T07:51:47+00:00,/ping,200,7,1
2026-01-21T07:51:47+00:00,/secure-data,200,12,1
2026-01-21T07:51:48+00:00,/ping,200,8,1
2026-01-21T07:51:48+00:00,/secure-data,200,16,1
2026-01-21T07:51:49+00:00,/ping,200,8,1
2026-01-21T07:51:49+00:00,/secure-data,200,14,1
2026-01-21T07:51:50+00:00,/ping,200,8,1
2026-01-21T07:51:50+00:00,/secure-data,200,14,1
2026-01-21T07:51:51+00:00,/ping,200,8,1
2026-01-21T07:51:51+00:00,/secure-data,200,14,1
2026-01-21T07:51:52+00:00,/ping,200,8,1
2026-01-21T07:51:52+00:00,/secure-data,200,14,1
2026-01-21T07:51:53+00:00,/ping,200,7,1
2026-01-21T07:51:53+00:00,/secure-data,200,16,1
2026-01-21T07:51:54+00:00,/ping,200,7,1
2026-01-21T07:51:54+00:00,/secure-data,200,13,1
2026-01-21T07:51:56+00:00,/ping,200,7,1
2026-01-21T07:51:56+00:00,/secure-data,200,13,1
2026-01-21T07:51:57+00:00,/ping,200,8,1
2026-01-21T07:51:57+00:00,/secure-data,200,13,1
2026-01-21T07:51:59+00:00,/ping,200,7,1
2026-01-21T07:51:59+00:00,/secure-data,200,12,1
2026-01-21T07:52:00+00:00,/ping,200,8,1
2026-01-21T07:52:00+00:00,/secure-data,200,14,1
2026-01-21T07:52:01+00:00,/ping,200,8,1
2026-01-21T07:52:01+00:00,/secure-data,200,14,1
2026-01-21T07:52:02+00:00,/ping,200,7,1
2026-01-21T07:52:02+00:00,/secure-data,200,13,1
2026-01-21T07:52:03+00:00,/ping,200,7,1
2026-01-21T07:52:03+00:00,/secure-data,200,13,1
2026-01-21T07:52:04+00:00,/ping,200,8,1
2026-01-21T07:52:04+00:00,/secure-data,200,12,1
2026-01-21T07:52:05+00:00,/ping,200,8,1
2026-01-21T07:52:05+00:00,/secure-data,200,13,1
2026-01-21T07:52:06+00:00,/ping,200,7,1
2026-01-21T07:52:06+00:00,/secure-data,200,13,1
2026-01-21T07:52:07+00:00,/ping,200,7,1
2026-01-21T07:52:07+00:00,/secure-data,200,14,1
2026-01-21T07:52:08+00:00,/ping,200,7,1
2026-01-21T07:52:08+00:00,/secure-data,200,13,1
2026-01-21T07:52:10+00:00,/ping,200,8,1
2026-01-21T07:52:10+00:00,/secure-data,200,13,1
2026-01-21T07:52:11+00:00,/ping,200,8,1
2026-01-21T07:52:11+00:00,/secure-data,200,13,1
2026-01-21T07:52:12+00:00,/ping,200,8,1
2026-01-21T07:52:12+00:00,/secure-data,200,16,1
2026-01-21T07:52:13+00:00,/ping,200,10,1
2026-01-21T07:52:13+00:00,/secure-data,200,19,1
2026-01-21T07:52:14+00:00,/ping,200,8,1
2026-01-21T07:52:14+00:00,/secure-data,200,14,1
2026-01-21T07:52:15+00:00,/ping,200,8,1
2026-01-21T07:52:15+00:00,/secure-data,200,13,1
2026-01-21T07:52:16+00:00,/ping,200,8,1
2026-01-21T07:52:16+00:00,/secure-data,200,12,1
2026-01-21T07:52:17+00:00,/ping,200,7,1
2026-01-21T07:52:17+00:00,/secure-data,200,13,1
2026-01-21T07:52:18+00:00,/ping,200,7,1
2026-01-21T07:52:18+00:00,/secure-data,200,14,1
2026-01-21T07:52:19+00:00,/ping,200,8,1
2026-01-21T07:52:19+00:00,/secure-data,200,18,1
2026-01-21T07:52:20+00:00,/ping,200,7,1
2026-01-21T07:52:20+00:00,/secure-data,200,15,1
2026-01-21T07:52:21+00:00,/ping,200,7,1
2026-01-21T07:52:21+00:00,/secure-data,200,11,1
2026-01-21T07:52:22+00:00,/ping,200,6,1
2026-01-21T07:52:22+00:00,/secure-data,200,12,1
2026-01-21T07:52:23+00:00,/ping,200,7,1
2026-01-21T07:52:23+00:00,/secure-data,200,11,1
2026-01-21T07:52:24+00:00,/ping,200,6,1
2026-01-21T07:52:24+00:00,/secure-data,200,10,1
2026-01-21T07:52:25+00:00,/ping,200,7,1
2026-01-21T07:52:25+00:00,/secure-data,200,12,1
2026-01-21T07:52:26+00:00,/ping,200,6,1
2026-01-21T07:52:26+00:00,/secure-data,200,12,1
2026-01-21T07:52:27+00:00,/ping,200,7,1
2026-01-21T07:52:27+00:00,/secure-data,200,12,1
2026-01-21T07:52:29+00:00,/ping,200,6,1
2026-01-21T07:52:29+00:00,/secure-data,200,10,1
2026-01-21T07:52:31+00:00,/ping,200,6,1
2026-01-21T07:52:31+00:00,/secure-data,200,11,1
2026-01-21T07:52:32+00:00,/ping,200,6,1
2026-01-21T07:52:32+00:00,/secure-data,200,11,1
2026-01-21T07:52:33+00:00,/ping,200,6,1
2026-01-21T07:52:33+00:00,/secure-data,200,11,1
2026-01-21T07:52:34+00:00,/ping,200,6,1
2026-01-21T07:52:34+00:00,/secure-data,200,11,1
2026-01-21T07:52:35+00:00,/ping,200,6,1
2026-01-21T07:52:35+00:00,/secure-data,200,11,1
2026-01-21T07:52:36+00:00,/ping,200,6,1
2026-01-21T07:52:36+00:00,/secure-data,200,11,1
2026-01-21T07:52:37+00:00,/ping,200,6,1
2026-01-21T07:52:37+00:00,/secure-data,200,11,1
2026-01-21T07:52:38+00:00,/ping,200,6,1
2026-01-21T07:52:38+00:00,/secure-data,200,11,1
2026-01-21T07:52:39+00:00,/ping,200,6,1
2026-01-21T07:52:39+00:00,/secure-data,200,11,1
2026-01-21T07:52:40+00:00,/ping,200,6,1
2026-01-21T07:52:40+00:00,/secure-data,200,11,1
2026-01-21T07:52:41+00:00,/ping,200,6,1
2026-01-21T07:52:41+00:00,/secure-data,200,11,1
2026-01-21T07:52:42+00:00,/ping,200,7,1
2026-01-21T07:52:42+00:00,/secure-data,200,11,1
2026-01-21T07:52:43+00:00,/ping,200,7,1
2026-01-21T07:52:43+00:00,/secure-data,200,11,1
2026-01-21T07:52:44+00:00,/ping,200,6,1
2026-01-21T07:52:44+00:00,/secure-data,200,11,1
2026-01-21T07:52:45+00:00,/ping,200,6,1
2026-01-21T07:52:45+00:00,/secure-data,200,11,1
2026-01-21T07:52:46+00:00,/ping,200,6,1
2026-01-21T07:52:46+00:00,/secure-data,200,11,1
2026-01-21T07:52:47+00:00,/ping,200,7,1
2026-01-21T07:52:47+00:00,/secure-data,200,13,1
2026-01-21T07:52:48+00:00,/ping,200,6,1
2026-01-21T07:52:49+00:00,/secure-data,200,11,1
2026-01-21T07:52:50+00:00,/ping,200,6,1
2026-01-21T07:52:50+00:00,/secure-data,200,10,1
2026-01-21T07:52:51+00:00,/ping,200,6,1
2026-01-21T07:52:51+00:00,/secure-data,200,11,1
2026-01-21T07:52:52+00:00,/ping,200,6,1
2026-01-21T07:52:52+00:00,/secure-data,200,11,1
2026-01-21T07:52:53+00:00,/ping,200,6,1
2026-01-21T07:52:53+00:00,/secure-data,200,11,1
2026-01-21T07:52:54+00:00,/ping,200,6,1
2026-01-21T07:52:54+00:00,/secure-data,200,11,1
2026-01-21T07:52:55+00:00,/ping,200,6,1
2026-01-21T07:52:55+00:00,/secure-data,200,11,1
2026-01-21T07:52:56+00:00,/ping,200,6,1
2026-01-21T07:52:56+00:00,/secure-data,200,10,1
2026-01-21T07:52:57+00:00,/ping,200,7,1
2026-01-21T07:52:57+00:00,/secure-data,200,11,1
2026-01-21T07:52:58+00:00,/ping,200,6,1
2026-01-21T07:52:58+00:00,/secure-data,200,12,1
2026-01-21T07:52:59+00:00,/ping,200,6,1
2026-01-21T07:52:59+00:00,/secure-data,200,10,1
2026-01-21T07:53:01+00:00,/ping,200,7,1
2026-01-21T07:53:01+00:00,/secure-data,200,11,1
2026-01-21T07:53:02+00:00,/ping,200,6,1
2026-01-21T07:53:02+00:00,/secure-data,200,11,1
2026-01-21T07:53:03+00:00,/ping,200,6,1
2026-01-21T07:53:04+00:00,/secure-data,200,11,1
2026-01-21T07:53:05+00:00,/ping,200,6,1
2026-01-21T07:53:05+00:00,/secure-data,200,12,1
2026-01-21T07:53:06+00:00,/ping,200,6,1
2026-01-21T07:53:06+00:00,/secure-data,200,10,1
2026-01-21T07:53:07+00:00,/ping,200,6,1
2026-01-21T07:53:07+00:00,/secure-data,200,11,1
2026-01-21T07:53:08+00:00,/ping,200,6,1
2026-01-21T07:53:08+00:00,/secure-data,200,11,1
2026-01-21T07:53:09+00:00,/ping,200,6,1
2026-01-21T07:53:09+00:00,/secure-data,200,11,1
2026-01-21T07:53:10+00:00,/ping,200,6,1
2026-01-21T07:53:10+00:00,/secure-data,200,11,1
2026-01-21T07:53:11+00:00,/ping,200,7,1
2026-01-21T07:53:11+00:00,/secure-data,200,11,1
2026-01-21T07:53:12+00:00,/ping,200,6,1
2026-01-21T07:53:12+00:00,/secure-data,200,11,1
2026-01-21T07:53:13+00:00,/ping,200,6,1
2026-01-21T07:53:13+00:00,/secure-data,200,11,1
2026-01-21T07:53:14+00:00,/ping,200,6,1
2026-01-21T07:53:14+00:00,/secure-data,200,11,1
2026-01-21T07:53:15+00:00,/ping,200,6,1
2026-01-21T07:53:15+00:00,/secure-data,200,10,1
2026-01-21T07:53:16+00:00,/ping,200,6,1
2026-01-21T07:53:16+00:00,/secure-data,200,12,1
2026-01-21T07:53:17+00:00,/ping,200,6,1
2026-01-21T07:53:17+00:00,/secure-data,200,11,1
2026-01-21T07:53:18+00:00,/ping,200,6,1
2026-01-21T07:53:18+00:00,/secure-data,200,11,1
2026-01-21T07:53:19+00:00,/ping,200,6,1
2026-01-21T07:53:19+00:00,/secure-data,200,11,1
2026-01-21T07:53:20+00:00,/ping,200,7,1
2026-01-21T07:53:20+00:00,/secure-data,200,11,1
2026-01-21T07:53:21+00:00,/ping,200,6,1
2026-01-21T07:53:21+00:00,/secure-data,200,11,1
2026-01-21T07:53:22+00:00,/ping,200,7,1
2026-01-21T07:53:22+00:00,/secure-data,200,12,1
2026-01-21T07:53:23+00:00,/ping,200,6,1
2026-01-21T07:53:23+00:00,/secure-data,200,12,1
2026-01-21T07:53:24+00:00,/ping,200,6,1
2026-01-21T07:53:24+00:00,/secure-data,200,11,1
2026-01-21T07:53:25+00:00,/ping,200,6,1
2026-01-21T07:53:25+00:00,/secure-data,200,11,1
2026-01-21T07:53:26+00:00,/ping,200,6,1
2026-01-21T07:53:26+00:00,/secure-data,200,11,1
2026-01-21T07:53:27+00:00,/ping,200,6,1
2026-01-21T07:53:27+00:00,/secure-data,200,11,1
2026-01-21T07:53:28+00:00,/ping,200,6,1
2026-01-21T07:53:28+00:00,/secure-data,200,11,1
2026-01-21T07:53:29+00:00,/ping,200,6,1
2026-01-21T07:53:29+00:00,/secure-data,200,11,1
2026-01-21T07:53:30+00:00,/ping,200,7,1
2026-01-21T07:53:31+00:00,/secure-data,200,11,1
2026-01-21T07:53:33+00:00,/ping,200,7,1
2026-01-21T07:53:33+00:00,/secure-data,200,11,1
2026-01-21T07:53:34+00:00,/ping,200,6,1
2026-01-21T07:53:34+00:00,/secure-data,200,11,1
2026-01-21T07:53:35+00:00,/ping,200,6,1
2026-01-21T07:53:35+00:00,/secure-data,200,11,1
2026-01-21T07:53:36+00:00,/ping,200,6,1
2026-01-21T07:53:36+00:00,/secure-data,200,11,1
2026-01-21T07:53:37+00:00,/ping,200,6,1
2026-01-21T07:53:37+00:00,/secure-data,200,11,1
2026-01-21T07:53:38+00:00,/ping,200,6,1
2026-01-21T07:53:38+00:00,/secure-data,200,11,1
2026-01-21T07:53:39+00:00,/ping,200,6,1
2026-01-21T07:53:39+00:00,/secure-data,200,12,1
2026-01-21T07:53:40+00:00,/ping,200,6,1
2026-01-21T07:53:40+00:00,/secure-data,200,11,1
2026-01-21T07:53:41+00:00,/ping,200,6,1
2026-01-21T07:53:41+00:00,/secure-data,200,12,1
2026-01-21T07:53:42+00:00,/ping,200,6,1
2026-01-21T07:53:42+00:00,/secure-data,200,11,1
2026-01-21T07:53:43+00:00,/ping,200,6,1
2026-01-21T07:53:43+00:00,/secure-data,200,11,1
2026-01-21T07:53:44+00:00,/ping,200,6,1
2026-01-21T07:53:44+00:00,/secure-data,200,11,1
2026-01-21T07:53:45+00:00,/ping,200,6,1
2026-01-21T07:53:45+00:00,/secure-data,200,11,1
2026-01-21T07:53:47+00:00,/ping,200,7,1
2026-01-21T07:53:47+00:00,/secure-data,200,12,1
2026-01-21T07:53:48+00:00,/ping,200,6,1
2026-01-21T07:53:48+00:00,/secure-data,200,12,1
2026-01-21T07:53:49+00:00,/ping,200,7,1
2026-01-21T07:53:49+00:00,/secure-data,200,14,1
2026-01-21T07:53:50+00:00,/ping,200,6,1
2026-01-21T07:53:50+00:00,/secure-data,200,12,1
2026-01-21T07:53:51+00:00,/ping,200,6,1
2026-01-21T07:53:51+00:00,/secure-data,200,11,1
2026-01-21T07:53:52+00:00,/ping,200,6,1
2026-01-21T07:53:52+00:00,/secure-data,200,11,1
2026-01-21T07:53:53+00:00,/ping,200,6,1
2026-01-21T07:53:53+00:00,/secure-data,200,11,1
2026-01-21T07:53:54+00:00,/ping,200,6,1
2026-01-21T07:53:54+00:00,/secure-data,200,11,1
2026-01-21T07:53:55+00:00,/ping,200,6,1
2026-01-21T07:53:55+00:00,/secure-data,200,11,1
2026-01-21T07:53:56+00:00,/ping,200,7,1
2026-01-21T07:53:56+00:00,/secure-data,200,12,1
2026-01-21T07:53:57+00:00,/ping,200,6,1
2026-01-21T07:53:57+00:00,/secure-data,200,11,1
2026-01-21T07:53:58+00:00,/ping,200,6,1
2026-01-21T07:53:58+00:00,/secure-data,200,11,1
2026-01-21T07:53:59+00:00,/ping,200,6,1
2026-01-21T07:53:59+00:00,/secure-data,200,11,1
2026-01-21T07:54:00+00:00,/ping,200,7,1
2026-01-21T07:54:00+00:00,/secure-data,200,11,1
2026-01-21T07:54:01+00:00,/ping,200,6,1
2026-01-21T07:54:01+00:00,/secure-data,200,13,1
2026-01-21T07:54:02+00:00,/ping,200,7,1
2026-01-21T07:54:02+00:00,/secure-data,200,11,1
2026-01-21T07:54:05+00:00,/ping,200,6,1
2026-01-21T07:54:05+00:00,/secure-data,200,11,1
2026-01-21T07:54:06+00:00,/ping,200,7,1
2026-01-21T07:54:06+00:00,/secure-data,200,11,1
2026-01-21T07:54:07+00:00,/ping,200,6,1
2026-01-21T07:54:07+00:00,/secure-data,200,11,1
2026-01-21T07:54:08+00:00,/ping,200,6,1
2026-01-21T07:54:08+00:00,/secure-data,200,11,1
2026-01-21T07:54:09+00:00,/ping,200,6,1
2026-01-21T07:54:09+00:00,/secure-data,200,11,1
2026-01-21T07:54:10+00:00,/ping,200,6,1
2026-01-21T07:54:10+00:00,/secure-data,200,11,1
2026-01-21T07:54:11+00:00,/ping,200,6,1
2026-01-21T07:54:11+00:00,/secure-data,200,12,1
2026-01-21T07:54:12+00:00,/ping,200,7,1
2026-01-21T07:54:12+00:00,/secure-data,200,11,1
2026-01-21T07:54:13+00:00,/ping,200,6,1
2026-01-21T07:54:13+00:00,/secure-data,200,12,1
2026-01-21T07:54:14+00:00,/ping,200,6,1
2026-01-21T07:54:14+00:00,/secure-data,200,11,1
2026-01-21T07:54:15+00:00,/ping,200,6,1
2026-01-21T07:54:15+00:00,/secure-data,200,11,1
2026-01-21T07:54:16+00:00,/ping,200,6,1
2026-01-21T07:54:16+00:00,/secure-data,200,12,1
2026-01-21T07:54:17+00:00,/ping,200,6,1
2026-01-21T07:54:17+00:00,/secure-data,200,10,1
2026-01-21T07:54:18+00:00,/ping,200,6,1
2026-01-21T07:54:18+00:00,/secure-data,200,12,1
2026-01-21T07:54:19+00:00,/ping,200,6,1
2026-01-21T07:54:19+00:00,/secure-data,200,11,1
2026-01-21T07:54:20+00:00,/ping,200,7,1
2026-01-21T07:54:20+00:00,/secure-data,200,11,1
2026-01-21T07:54:21+00:00,/ping,200,6,1
2026-01-21T07:54:21+00:00,/secure-data,200,11,1
2026-01-21T07:54:22+00:00,/ping,200,7,1
2026-01-21T07:54:22+00:00,/secure-data,200,13,1
2026-01-21T07:54:23+00:00,/ping,200,6,1
2026-01-21T07:54:23+00:00,/secure-data,200,11,1
2026-01-21T07:54:24+00:00,/ping,200,6,1
2026-01-21T07:54:24+00:00,/secure-data,200,12,1
2026-01-21T07:54:25+00:00,/ping,200,6,1
2026-01-21T07:54:25+00:00,/secure-data,200,11,1
2026-01-21T07:54:26+00:00,/ping,200,6,1
2026-01-21T07:54:26+00:00,/secure-data,200,11,1
2026-01-21T07:54:27+00:00,/ping,200,6,1
2026-01-21T07:54:27+00:00,/secure-data,200,11,1
2026-01-21T07:54:28+00:00,/ping,200,6,1
2026-01-21T07:54:29+00:00,/secure-data,200,11,1
2026-01-21T07:54:30+00:00,/ping,200,6,1
2026-01-21T07:54:30+00:00,/secure-data,200,11,1
2026-01-21T07:54:31+00:00,/ping,200,6,1
2026-01-21T07:54:31+00:00,/secure-data,200,11,1
2026-01-21T07:54:32+00:00,/ping,200,6,1
2026-01-21T07:54:32+00:00,/secure-data,200,11,1
2026-01-21T07:54:33+00:00,/ping,200,6,1
2026-01-21T07:54:33+00:00,/secure-data,200,11,1
2026-01-21T07:54:34+00:00,/ping,200,7,1
2026-01-21T07:54:34+00:00,/secure-data,200,11,1
2026-01-21T07:54:36+00:00,/ping,200,7,1
2026-01-21T07:54:36+00:00,/secure-data,200,12,1
2026-01-21T07:54:37+00:00,/ping,200,6,1
2026-01-21T07:54:37+00:00,/secure-data,200,11,1
2026-01-21T07:54:38+00:00,/ping,200,7,1
2026-01-21T07:54:38+00:00,/secure-data,200,11,1
2026-01-21T07:54:39+00:00,/ping,200,6,1
2026-01-21T07:54:39+00:00,/secure-data,200,11,1
2026-01-21T07:54:40+00:00,/ping,200,6,1
2026-01-21T07:54:40+00:00,/secure-data,200,11,1
2026-01-21T07:54:41+00:00,/ping,200,6,1
2026-01-21T07:54:41+00:00,/secure-data,200,11,1
2026-01-21T07:54:42+00:00,/ping,200,7,1
2026-01-21T07:54:42+00:00,/secure-data,200,11,1
2026-01-21T07:54:43+00:00,/ping,200,6,1
2026-01-21T07:54:43+00:00,/secure-data,200,12,1
2026-01-21T07:54:45+00:00,/ping,502,10,0
2026-01-21T07:54:45+00:00,/secure-data,200,12,1
